{
  "Component-preload.js": 1721638138482,
  "controller/MyTaskUI.controller.js": 1720515379256,
  "model/models.js": 1720515379248,
  "utils/locate-reuse-libs.js": 1720515379248,
  "controller/App.controller.js": 1721638117067,
  "manifest.json": 1721638138138,
  "Component.js": 1721638081155,
  "controller/MyTaskUI-dbg.controller.js": 1720515379256,
  "controller/MyTaskUI.controller.js.map": 1721638138293,
  "model/models-dbg.js": 1720515379248,
  "model/models.js.map": 1721638138301,
  "utils/locate-reuse-libs-dbg.js": 1720515379248,
  "utils/locate-reuse-libs.js.map": 1721638138305,
  "controller/App-dbg.controller.js": 1721638117067,
  "controller/App.controller.js.map": 1721638138297,
  "Component-dbg.js": 1721638081155,
  "Component.js.map": 1721638138307,
  "i18n/i18n.properties": 1720515379248,
  "Component-preload.js.map": 1721638138482,
  "view/MyTaskUI.view.xml": 1720515406780,
  "view/App.view.xml": 1720695466148,
  "css/style.css": 1720515379252,
  "index.html": 1720515379244
}